{
  "project_info": {
    "project_number": "1053864100051",
    "firebase_url": "https://recipefinder-63cc6557-default-rtdb.firebaseio.com",
    "project_id": "recipefinder-63cc6557",
    "storage_bucket": "recipefinder-63cc6557.firebasestorage.app"
  },
  "client": [
    {
      "client_info": {
        "mobilesdk_app_id": "1:1053864100051:android:2d70f0a5a3fed577471426",
        "android_client_info": {
          "package_name": "com.example.recipe_finder"
        }
      },
      "oauth_client": [],
      "api_key": [
        {
          "current_key": "AIzaSyCTrj5VopLilxCs5GRf1eV69YE2APbjoxk"
        }
      ],
      "services": {
        "appinvite_service": {
          "other_platform_oauth_client": []
        }
      }
    }
  ],
  "configuration_version": "1"
}